{
    "global": {
        "price_spot": 0,
        "buys_spot": 0,
        "sells_spot": 0,
        "price_future": 0,
        "buys_future": 0,
        "sells_future": 0,
        "longs": 0,
        "shorts": 0
    },
    "by_instrument": {
        "price_spot": {
            "BTCUSDC@spot@binance": 67662.42,
            "BTCUSDT@spot@binance": 67721.03,
            "BTCFDUSD@spot@binance": 67761.63
        },
        "price_future": {
            "BTCUSDT@perpetual@binance": 67765.2,
            "BTCUSD_PERP@perpetual@binance": 67690.8
        }
    },
    "maps": {
        "buys_spot": {
            "67740.0": 0.023020000000000002,
            "67780.0": 0.07035
        },
        "sells_spot": {
            "67680.0": 0.00038,
            "67780.0": 0.0009000000000000001
        },
        "buys_future": {},
        "sells_future": {},
        "longs": {
            "9440.0": 0.010609516736512652,
            "9920.0": 0.014
        },
        "shorts": {},
        "depth_spot": {
            "66340.0": 0.0008,
            "67340.0": 6.423199999999999,
            "67500.0": 0.0014999999999999998,
            "67540.0": 11.611399999999996,
            "67560.0": 12.312200000000002,
            "67580.0": 9.082260000000002,
            "67600.0": 94.4097,
            "67620.0": 129.48222,
            "67640.0": 89.98058000000003,
            "67660.0": 137.14194,
            "67680.0": 242.9549400000001,
            "67700.0": 264.8168999999999,
            "67720.0": 241.9994000000001,
            "67740.0": 484.2812200000002,
            "67760.0": 257.32735999999994,
            "67780.0": 132.7627,
            "67800.0": 214.04114000000004,
            "67820.0": 136.77182,
            "67840.0": 94.86937999999999,
            "67860.0": 260.8458999999999,
            "67880.0": 112.21569999999998,
            "67900.0": 608.6677999999999,
            "67920.0": 58.745900000000006,
            "67940.0": 32.740700000000004,
            "67960.0": 21.05420000000001,
            "67980.0": 18.355400000000003,
            "68000.0": 88.6273,
            "68020.0": 34.67250000000001,
            "68180.0": 0.0013999999999999996,
            "68440.0": 0.0008,
            "68720.0": 0.0009000000000000001,
            "68980.0": 5.7843,
            "69300.0": 5.7444
        },
        "cdepth_spot": {},
        "rdepth_spot": {},
        "depth_future": {
            "65000.0": 402.71351498283366,
            "65400.0": 45.61919788213465,
            "65920.0": 9.24,
            "66000.0": 56.76000000000001,
            "66060.0": 15.880000000000003,
            "66140.0": 19.500434327855483,
            "66180.0": 19.515207384164462,
            "66200.0": 9.21,
            "66220.0": 166.54000000000002,
            "66260.0": 5.24,
            "66360.0": 7.21,
            "66440.0": 29.398382054873046,
            "66500.0": 133.07999999999996,
            "66540.0": 3.6419999999999995,
            "66560.0": 16.069999999999997,
            "66640.0": 150.31000000000003,
            "66660.0": 24.582365698145093,
            "66680.0": 356.07202160411754,
            "66700.0": 10.519999999999998,
            "66740.0": 3.8499999999999996,
            "66800.0": 5.9799999999999995,
            "66820.0": 106.70799999999998,
            "66880.0": 154.82163011812534,
            "66920.0": 296.8054743037458,
            "67000.0": 7.47,
            "67020.0": 159.932,
            "67120.0": 687.19,
            "67140.0": 261.72857142857146,
            "67160.0": 1543.7428571428566,
            "67180.0": 130.84285714285713,
            "67200.0": 127.68714285714282,
            "67220.0": 13.771428571428569,
            "67240.0": 30.242857142857137,
            "67260.0": 398.6857142857141,
            "67280.0": 103.85714285714288,
            "67300.0": 124.78571428571429,
            "67320.0": 21.02857142857142,
            "67340.0": 43.2,
            "67360.0": 41.14285714285713,
            "67380.0": 71.51428571428573,
            "67400.0": 337.5857142857143,
            "67420.0": 19.01428571428571,
            "67440.0": 80.69428571428573,
            "67460.0": 77.10857142857145,
            "67480.0": 23.24857142857142,
            "67500.0": 34.55714285714286,
            "67520.0": 28.771428571428572,
            "67540.0": 281.3285714285714,
            "67560.0": 87.72857142857144,
            "67580.0": 260.6325714285715,
            "67600.0": 181.98885714285717,
            "67620.0": 506.6965714285715,
            "67640.0": 745.0085714285717,
            "67660.0": 789.4197142857139,
            "67680.0": 1203.064026657347,
            "67700.0": 1197.86091563403,
            "67720.0": 1365.7320716147117,
            "67740.0": 1541.4196596929396,
            "67760.0": 917.3,
            "67780.0": 846.2225714285714,
            "67800.0": 975.4305714285722,
            "67820.0": 2298.3322857142853,
            "67840.0": 902.0542857142857,
            "67860.0": 1263.8174285714279,
            "67880.0": 885.082571428571,
            "67900.0": 510.10514285714305,
            "67920.0": 168.51314285714284,
            "67940.0": 42.314285714285724,
            "67960.0": 59.90000000000001,
            "67980.0": 93.04285714285713,
            "68000.0": 361.5414285714286,
            "68020.0": 326.67142857142886,
            "68040.0": 8.600000000000001,
            "68060.0": 60.31857142857143,
            "68080.0": 9.860000000000005,
            "68100.0": 89.15714285714283,
            "68120.0": 54.11428571428572,
            "68140.0": 80.22857142857147,
            "68160.0": 68.90000000000002,
            "68180.0": 6.885714285714287,
            "68200.0": 141.24285714285716,
            "68220.0": 8.142857142857148,
            "68240.0": 61.4857142857143,
            "68260.0": 33.81428571428571,
            "68280.0": 98.24857142857142,
            "68300.0": 29.04285714285713,
            "68380.0": 17.26031850709402,
            "68400.0": 137.06999999999996,
            "68500.0": 96.41999999999997,
            "68560.0": 18.81,
            "68580.0": 0.29400000000000004,
            "68640.0": 284.4894347355918,
            "68680.0": 0.23999999999999996,
            "68700.0": 149.57,
            "68740.0": 11.63,
            "68760.0": 116.76800000000001,
            "68800.0": 8.710000000000003,
            "68840.0": 11.500000000000002,
            "68880.0": 5.2200000000000015,
            "68900.0": 3.32,
            "68940.0": 46.34738233260649,
            "68960.0": 5.649999999999999,
            "69180.0": 10.1,
            "69240.0": 7.21,
            "69280.0": 155.69999999999996,
            "69320.0": 9.07,
            "69340.0": 0.05999999999999999,
            "69440.0": 38.604,
            "69460.0": 9.08,
            "69520.0": 28.727999999999998,
            "69540.0": 0.049999999999999996,
            "69580.0": 0.04000000000000001,
            "69780.0": 10.753999999999996,
            "69800.0": 15.211999999999998,
            "69820.0": 7.240000000000001,
            "69840.0": 0.48999999999999994,
            "69860.0": 63.154,
            "70120.0": 0.04000000000000001,
            "70500.0": 0.08000000000000002,
            "70700.0": 2.4300000000000006,
            "71080.0": 3.599999999999999
        },
        "cdepth_future": {},
        "rdepth_future": {}
    },
    "ticks": {
        "trades_spot": {
            "1717270048.776": [
                {
                    "price": 67721.03,
                    "quantity": 0.00111
                }
            ],
            "1717270049.263": [
                {
                    "price": 67721.03,
                    "quantity": 0.00145
                }
            ],