{"x": [66860.0, 66880.0, 66900.0, 66920.0, 66940.0, 66960.0, 66980.0, 67000.0, 67020.0, 67040.0, 67060.0, 67080.0, 67100.0, 67120.0, 67140.0, 67160.0, 67180.0, 67200.0, 67220.0, 67240.0, 67260.0, 67280.0, 67300.0, 67320.0, 67340.0, 67360.0, 67380.0, 67400.0, 67420.0, 67440.0, 67460.0, 67480.0, 67500.0, 67520.0, 67540.0, 67560.0, 67580.0, 67600.0, 67620.0, 67640.0, 67660.0, 67680.0, 67700.0, 67720.0, 67740.0, 67760.0, 67780.0, 67800.0, 67820.0, 67840.0, 67860.0, 67880.0, 67900.0, 67920.0, 67940.0, 67960.0, 67980.0, 68000.0, 68020.0, 68040.0, 68060.0, 68080.0, 68100.0, 68120.0, 68140.0, 68160.0, 68180.0, 68200.0, 68220.0, 68240.0, 68260.0, 68280.0, 68300.0, 68320.0, 68340.0, 68360.0, 68380.0, 68400.0, 68420.0, 68440.0, 68460.0, 68480.0, 68500.0, 68520.0, 68540.0, 68560.0, 68580.0, 68600.0, 68620.0, 68640.0, 68660.0, 68680.0, 68700.0, 68720.0, 68740.0, 68760.0, 68780.0, 68800.0, 68820.0, 68840.0, 68860.0, 68880.0, 68900.0, 68920.0, 68940.0, 68960.0, 68980.0, 69000.0, 69020.0, 69040.0, 69060.0, 69080.0, 69100.0, 69120.0, 69140.0, 69160.0, 69180.0, 69200.0, 69220.0, 69240.0, 69260.0, 69280.0, 69300.0, 69320.0, 69340.0, 69360.0, 69380.0, 69400.0, 69420.0, 69440.0, 69460.0, 69480.0], "y": [0.08682086999999997, 1.8285087199999999, 3.2007683400000007, 0.08492321000000001, 0.37204422000000004, 0.40223951999999996, 1.04814688, 8.419023659999999, 3.8086110600000005, 2.7326717500000006, 0.20960933000000004, 0.35329673, 1.25689717, 1.1092393, 0.04825161, 0.11778367000000002, 0.15601531000000005, 0.5432227199999999, 0.31624591, 0.017023609999999998, 1.1011237299999996, 0.31145223000000005, 0.7918219899999999, 0.22629513000000004, 0.12723359, 0.32199651999999995, 0.48291451, 0.56124354, 1.53083467, 0.71688904, 0.34550029, 0.40782439000000004, 1.3122726599999996, 3.3378481599999996, 2.2410286299999997, 0.84081424, 0.00563057, 7.88175359, 15.285524180000001, 0.10562988000000002, 8.3810595, 1.50275549, 0.06403813000000001, 4.99933723, 8.846228120000001, 0.37122897, 6.533247009999998, 3.932956250000001, 13.73561673, 3.36829535, 4.305358079999999, 11.566679769999999, 3.51392242, 3.747947149999999, 5.222545939999998, 11.016875520000003, 7.2793242399999984, 9.742926509999998, 8.02385832, 5.391327679999999, 0.12623585, 0.7742092300000001, 6.35542642, 0.07042134, 1.94734387, 2.74084126, 0.82239083, 1.87801163, 8.087748159999999, 4.783606850000001, 1.8390750999999996, 0.26295784000000005, 0.21517828, 19.07654364, 7.8024085, 0.0009041800000000001, 3.2361143299999995, 0.47522759, 1.0179088100000002, 1.4137763700000001, 0.9396957800000001, 16.76624167, 7.25957897, 0.07225481, 0.39846896, 1.44658267, 3.1209843900000003, 2.43948493, 0.013636539999999999, 0.41001204, 0.61951625, 0.9940587899999999, 0.83096335, 0.01515244, 0.7210119899999999, 1.53786786, 0.78992196, 1.1701532, 0.35162539, 0.07642973, 0.22252678, 0.022249429999999997, 18.934436850000004, 0.00499077, 0.18643149, 3.9979313700000003, 0.02805425, 16.61980976, 0.13871241, 2.11706155, 0.29648343999999993, 0.028033509999999998, 15.509727179999999, 21.99788745, 0.07033118, 0.06230148, 1.0210771900000002, 0.79522967, 3.5045332, 0.36343241, 2.7825756399999992, 0.10443476, 6.037668149999999, 5.00973073, 0.01616808, 0.27121848, 0.76308027, 0.44238047999999996, 0.08102608, 0.67694293, 2.26740219, 0.2940274], "price": 68160.0, "xlabel": "Level", "ylabel": "Amount", "legend": "BooksSnap, coinbase_ws_spot_depth_btcusd"}