{"data": {"calls": {"1.0_3.0": {"0.0_1.0": 1.93, "1.0_2.0": 18.76, "2.0_5.0": 50.42, "5.0_10.0": 48.99, "10.0_inf": 62.28}, "7.0_inf": {"0.0_1.0": 1613.11, "1.0_2.0": 159.22999999999996, "2.0_5.0": 1856.9900000000002, "5.0_10.0": 3879.8199999999997, "10.0_inf": 73857.765}}, "puts": {"1.0_3.0": {"0.0_1.0": 0.1, "1.0_2.0": 27.73, "2.0_5.0": 2.88, "5.0_10.0": 59.88, "10.0_inf": 46.790000000000006}, "7.0_inf": {"0.0_1.0": 1874.4, "1.0_2.0": 11.68, "2.0_5.0": 1301.9499999999998, "5.0_10.0": 6401.35, "10.0_inf": 82996.93000000001}}}, "xlabel": "Level", "ylabel": "Amount", "legend": "merged_option_oi"}