{"x": [65000.0, 65400.0, 65920.0, 66000.0, 66060.0, 66140.0, 66180.0, 66200.0, 66220.0, 66260.0, 66360.0, 66440.0, 66500.0, 66540.0, 66560.0, 66640.0, 66660.0, 66680.0, 66700.0, 66740.0, 66800.0, 66820.0, 66880.0, 66920.0, 67000.0, 67020.0, 67120.0, 67140.0, 67160.0, 67180.0, 67200.0, 67220.0, 67240.0, 67260.0, 67280.0, 67300.0, 67320.0, 67340.0, 67360.0, 67380.0, 67400.0, 67420.0, 67440.0, 67460.0, 67480.0, 67500.0, 67520.0, 67540.0, 67560.0, 67580.0, 67600.0, 67620.0, 67640.0, 67660.0, 67680.0, 67700.0, 67720.0, 67740.0, 67760.0, 67780.0, 67800.0, 67820.0, 67840.0, 67860.0, 67880.0, 67900.0, 67920.0, 67940.0, 67960.0, 67980.0, 68000.0, 68020.0, 68040.0, 68060.0, 68080.0, 68100.0, 68120.0, 68140.0, 68160.0, 68180.0, 68200.0, 68220.0, 68240.0, 68260.0, 68280.0, 68300.0, 68380.0, 68400.0, 68500.0, 68560.0, 68580.0, 68640.0, 68680.0, 68700.0, 68740.0, 68760.0, 68800.0, 68840.0, 68880.0, 68900.0, 68940.0, 68960.0, 69180.0, 69240.0, 69280.0, 69320.0, 69340.0, 69440.0, 69460.0, 69520.0, 69540.0, 69580.0, 69780.0, 69800.0, 69820.0, 69840.0, 69860.0, 70120.0, 70500.0, 70700.0, 71080.0], "y": [40.271351498283366, 4.561919788213465, 0.924, 5.676, 1.588, 1.9500434327855483, 1.9515207384164464, 0.921, 16.292, 0.524, 0.721, 2.939838205487304, 13.308, 0.365, 1.607, 15.031, 2.458236569814509, 36.10091770225792, 1.052, 0.385, 0.598, 10.91, 15.482163011812535, 29.680547430374585, 0.747, 16.41, 68.719, 26.172857142857147, 154.3742857142857, 13.084285714285713, 12.848714285714284, 1.3771428571428566, 3.024285714285713, 39.868571428571414, 10.385714285714288, 12.47857142857143, 2.102857142857142, 4.32, 4.114285714285713, 7.151428571428573, 33.75857142857143, 1.901428571428571, 8.06942857142857, 7.710857142857144, 2.3248571428571423, 3.455714285714285, 2.8771428571428572, 28.132857142857144, 8.772857142857143, 14.224857142857147, 18.19728571428572, 46.148857142857146, 79.94285714285716, 84.0845714285714, 119.25119624950088, 125.70668774148669, 168.94548167001386, 167.66240468972782, 94.74600000000001, 86.84185714285715, 98.48585714285721, 241.2824285714285, 89.85442857142856, 126.74314285714281, 82.27485714285714, 48.06371428571431, 16.833714285714287, 4.231428571428571, 5.99, 9.304285714285715, 36.15414285714286, 32.66714285714288, 0.8600000000000001, 6.031857142857144, 0.9860000000000002, 8.915714285714282, 5.411428571428572, 8.022857142857145, 6.8900000000000015, 0.6885714285714288, 14.124285714285712, 0.8142857142857145, 6.14857142857143, 3.3814285714285712, 9.824857142857143, 2.9842857142857135, 2.0835398133867526, 13.707, 9.642, 1.881, 0.031, 26.063343473559183, 0.024, 12.367, 1.163, 12.816, 0.871, 1.1500000000000001, 0.522, 0.332, 4.578738233260649, 0.565, 1.01, 0.721, 15.57, 0.907, 0.006, 3.17, 0.908, 1.436, 0.005, 0.004, 0.719, 1.522, 0.724, 0.049, 6.601, 0.004, 0.008, 0.403, 0.36], "price": 0.0, "xlabel": "Level", "ylabel": "Amount", "legend": "Merged Depth Snap, future"}