{"x": [56000.0, 58000.0, 60000.0, 61000.0, 62000.0, 63000.0, 64000.0, 65000.0, 66000.0, 67000.0, 68000.0, 72000.0, 73000.0, 76000.0, 5000.0, 10000.0, 15000.0, 20000.0, 23000.0, 25000.0, 26000.0, 28000.0, 30000.0, 32000.0, 35000.0, 38000.0, 40000.0, 42000.0, 45000.0, 48000.0, 50000.0, 52000.0, 55000.0, 58000.0, 60000.0, 62000.0, 64000.0, 65000.0, 66000.0, 68000.0, 70000.0, 72000.0, 74000.0, 75000.0, 78000.0, 80000.0, 82000.0, 85000.0, 90000.0, 95000.0, 100000.0, 110000.0, 120000.0, 130000.0, 140000.0, 150000.0, 35000.0, 40000.0, 45000.0, 48000.0, 50000.0, 52000.0, 55000.0, 58000.0, 60000.0, 62000.0, 65000.0, 68000.0, 70000.0, 72000.0, 75000.0, 78000.0, 80000.0, 85000.0, 35000.0, 40000.0, 45000.0, 50000.0, 52000.0, 54000.0, 56000.0, 58000.0, 60000.0, 62000.0, 64000.0, 66000.0, 68000.0, 70000.0, 72000.0, 74000.0, 76000.0, 78000.0, 80000.0, 5000.0, 10000.0, 15000.0, 20000.0, 25000.0, 30000.0, 32000.0, 35000.0, 38000.0, 40000.0, 42000.0, 45000.0, 48000.0, 50000.0, 52000.0, 55000.0, 60000.0, 65000.0, 70000.0, 75000.0, 80000.0, 85000.0, 90000.0, 100000.0, 110000.0, 120000.0, 140000.0, 200000.0, 15000.0, 20000.0, 25000.0, 30000.0, 35000.0, 40000.0, 45000.0, 50000.0, 55000.0, 60000.0, 65000.0, 70000.0, 75000.0, 80000.0, 85000.0, 90000.0, 100000.0, 110000.0, 120000.0, 140000.0, 160000.0, 180000.0, 200000.0, 10000.0, 20000.0, 30000.0, 40000.0, 45000.0, 50000.0, 55000.0, 60000.0, 70000.0, 80000.0, 90000.0, 100000.0, 110000.0, 120000.0, 130000.0, 140000.0, 150000.0, 180000.0, 200000.0], "y": [6.0, 1.52, 2.09, 7.5600000000000005, 4.57, 3.9, 4.5, 13.26, 15.94, 1.29, 1.3900000000000001, 0.24, 0.46, 1.0, 138.98, 59.49, 61.38, 191.43, 83.32000000000001, 72.3, 15.530000000000001, 45.49, 91.8, 105.58, 195.25, 111.45, 121.41, 67.2, 145.71, 126.91, 222.73000000000002, 87.12, 178.46, 138.98, 280.29, 64.76, 38.84, 181.48, 49.870000000000005, 53.480000000000004, 273.83, 37.31, 4.33, 51.08, 8.950000000000001, 84.51, 0.2, 27.75, 6.5200000000000005, 5.68, 25.71, 8.66, 8.77, 8.71, 6.5, 6.72, 14.98, 26.580000000000002, 23.39, 10.65, 43.050000000000004, 40.980000000000004, 34.93, 25.26, 49.81, 22.54, 32.43, 35.37, 7.96, 7.5200000000000005, 15.610000000000001, 1.33, 2.23, 1.1, 5.57, 20.12, 10.14, 15.040000000000001, 10.63, 10.58, 27.150000000000002, 9.540000000000001, 28.490000000000002, 27.78, 11.97, 14.94, 14.02, 11.18, 9.120000000000001, 7.68, 15.18, 7.29, 1.29, 37.93, 4.88, 17.61, 51.59, 40.93, 124.33, 56.97, 65.93, 48.38, 34.32, 29.650000000000002, 55.800000000000004, 295.41, 61.46, 54.58, 77.16, 119.27, 74.69, 65.34, 131.44, 11.33, 3.56, 30.12, 63.03, 6.44, 2.65, 23.81, 0.01, 10.75, 6.67, 6.22, 91.21000000000001, 29.580000000000002, 102.78, 91.76, 47.29, 34.62, 10.44, 31.240000000000002, 32.1, 8.870000000000001, 59.86, 5.01, 18.17, 2.21, 14.870000000000001, 30.11, 22.85, 10.39, 0.1, 0.01, 23.27, 30.330000000000002, 1.05, 84.26, 69.41, 31.560000000000002, 0.85, 13.06, 8.3, 60.38, 0.33, 63.93, 7.59, 21.5, 62.5, 8.84, 3.3200000000000003, 35.0, 15.0], "xlabel": "Strike", "ylabel": "Open Interest", "legend": "Option OI, okx_api_option_oi_btcusd"}