{"x": [66000.0, 67000.0, 68000.0, 69000.0, 70000.0, 71000.0, 72000.0, 73000.0, 74000.0, 75000.0, 76000.0, 77000.0, 78000.0, 80000.0, 82000.0, 84000.0, 5000.0, 20000.0, 23000.0, 25000.0, 28000.0, 30000.0, 32000.0, 35000.0, 38000.0, 40000.0, 42000.0, 45000.0, 48000.0, 50000.0, 52000.0, 55000.0, 58000.0, 60000.0, 62000.0, 64000.0, 65000.0, 66000.0, 68000.0, 70000.0, 72000.0, 74000.0, 75000.0, 78000.0, 80000.0, 82000.0, 85000.0, 90000.0, 95000.0, 100000.0, 110000.0, 120000.0, 130000.0, 140000.0, 150000.0, 45000.0, 50000.0, 52000.0, 55000.0, 58000.0, 60000.0, 62000.0, 65000.0, 68000.0, 70000.0, 72000.0, 75000.0, 78000.0, 80000.0, 85000.0, 90000.0, 95000.0, 100000.0, 105000.0, 110000.0, 115000.0, 120000.0, 130000.0, 140000.0, 150000.0, 160000.0, 68000.0, 70000.0, 72000.0, 74000.0, 76000.0, 78000.0, 80000.0, 85000.0, 90000.0, 95000.0, 100000.0, 105000.0, 110000.0, 120000.0, 130000.0, 5000.0, 10000.0, 20000.0, 25000.0, 30000.0, 35000.0, 38000.0, 40000.0, 42000.0, 45000.0, 50000.0, 52000.0, 55000.0, 60000.0, 65000.0, 70000.0, 75000.0, 80000.0, 85000.0, 90000.0, 95000.0, 100000.0, 110000.0, 120000.0, 140000.0, 160000.0, 180000.0, 200000.0, 220000.0, 240000.0, 15000.0, 20000.0, 25000.0, 30000.0, 35000.0, 40000.0, 45000.0, 50000.0, 55000.0, 60000.0, 65000.0, 70000.0, 75000.0, 80000.0, 85000.0, 90000.0, 100000.0, 110000.0, 120000.0, 140000.0, 160000.0, 180000.0, 200000.0, 220000.0, 240000.0, 260000.0, 45000.0, 50000.0, 60000.0, 70000.0, 80000.0, 90000.0, 100000.0, 110000.0, 120000.0, 130000.0, 140000.0, 150000.0, 160000.0, 180000.0, 200000.0, 220000.0, 240000.0, 260000.0, 280000.0, 300000.0, 320000.0, 340000.0, 360000.0, 380000.0, 420000.0, 440000.0, 460000.0, 480000.0, 500000.0, 520000.0, 560000.0], "y": [0.43, 0.56, 15.16, 1.2, 4.03, 2.21, 12.94, 11.64, 7.4, 11.040000000000001, 1.01, 3.43, 6.3, 7.24, 0.1, 0.08, 6.58, 0.01, 1.02, 12.3, 7.76, 47.29, 18.09, 49.56, 0.5, 85.49, 6.96, 120.42, 15.92, 201.70000000000002, 32.03, 79.71000000000001, 15.26, 225.19, 34.24, 2.81, 203.81, 6.82, 53.29, 321.65000000000003, 174.15, 153.83, 313.0, 448.58, 552.6800000000001, 84.69, 368.31, 1798.46, 275.73, 335.93, 241.42000000000002, 145.13, 111.86, 107.96000000000001, 82.96000000000001, 0.1, 0.01, 0.51, 0.74, 2.92, 16.09, 4.3100000000000005, 20.34, 7.390000000000001, 33.36, 26.8, 18.91, 17.89, 100.29, 123.8, 128.26, 105.68, 57.9, 23.81, 17.13, 17.66, 28.37, 4.3100000000000005, 30.310000000000002, 26.89, 20.09, 2.41, 11.31, 2.85, 6.94, 10.91, 7.26, 12.36, 30.95, 12.290000000000001, 28.21, 32.53, 20.7, 15.69, 14.19, 4.13, 0.15, 0.04, 0.13, 0.25, 14.26, 27.080000000000002, 0.05, 56.35, 0.5, 2.29, 17.77, 0.41000000000000003, 95.2, 217.64000000000001, 24.42, 155.28, 121.76, 105.55, 51.68, 81.66, 8.01, 116.86, 39.92, 62.89, 81.44, 30.7, 24.36, 5.18, 8.32, 110.83, 1.0, 0.02, 0.21, 1.01, 2.0, 2.16, 16.05, 6.0, 1.95, 18.39, 21.29, 51.75, 47.82, 61.57, 31.12, 54.44, 115.37, 34.67, 150.59, 142.6, 94.59, 108.68, 27.93, 14.94, 32.43, 2.15, 0.03, 1.0, 3.0500000000000003, 9.09, 25.080000000000002, 6.84, 65.52, 10.790000000000001, 5.73, 40.32, 14.24, 9.82, 5.82, 4.94, 37.24, 17.92, 23.73, 8.950000000000001, 11.42, 1.1, 0.51, 0.01, 0.45, 10.450000000000001, 0.52, 0.01, 30.0, 35.0, 70.0, 50.01, 27.09], "xlabel": "Strike", "ylabel": "Open Interest", "legend": "Option OI, okx_api_option_oi_btcusd"}